[
  {
    "nombre": "Pizzería Los Tíos",
    "tags": "pizza empanadas cena comida rapida delivery",
    "categoria": "Pizzeria",
    "zona": "City Bell",
    "direccion": "Calle 13 nro 456",
    "contacto": "https://wa.me/5492214567890",
    "horarios": "Lun-Vie 18-23 | Sab-Dom 12-24",
    "lat": -34.8721,
    "lon": -58.0132,
    "maps": "https://www.google.com/maps?q=-34.8721,-58.0132"
  },
  {
    "nombre": "Pizza Napoli",
    "tags": "pizza italiana horno barro",
    "categoria": "Pizzería",
    "zona": "City Bell",
    "direccion": "Calle 14 nro 890",
    "contacto": "+54 221 456 1001",
    "horarios": "Lun-Dom 19-24",
    "lat": -34.8755,
    "lon": -58.016,
    "maps": "https://www.google.com/maps?q=-34.8755,-58.016"
  },
  {
    "nombre": "Don Corleone Pizzas",
    "tags": "pizza fugazzeta muzzarella delivery",
    "categoria": "Pizzería",
    "zona": "City Bell",
    "direccion": "Camino Centenario 3456",
    "contacto": "https://wa.me/5492214561002",
    "horarios": "Mar-Dom 18-24",
    "lat": -34.8698,
    "lon": -58.0115,
    "maps": "https://www.google.com/maps?q=-34.8698,-58.0115"
  },
  {
    "nombre": "Heladería Venecia",
    "tags": "helado postre dulce cremoso artesanal",
    "categoria": "Heladería",
    "zona": "City Bell",
    "direccion": "Camino Centenario 1234",
    "contacto": "https://wa.me/5492214567891",
    "horarios": "Todos los días 14-24",
    "lat": -34.8735,
    "lon": -58.0145,
    "maps": "https://www.google.com/maps?q=-34.8735,-58.0145"
  },
  {
    "nombre": "Grido City Bell",
    "tags": "helado dulce postre economico",
    "categoria": "Heladería",
    "zona": "City Bell",
    "direccion": "Calle 13 nro 678",
    "contacto": "+54 221 456 1003",
    "horarios": "Todos los días 12-24",
    "lat": -34.870999999999995,
    "lon": -58.0125,
    "maps": "https://www.google.com/maps?q=-34.870999999999995,-58.0125"
  },
  {
    "nombre": "Helados Massimo",
    "tags": "helado italiano artesanal premium",
    "categoria": "Heladería",
    "zona": "City Bell",
    "direccion": "Calle 14 nro 345",
    "contacto": "https://wa.me/5492214561004",
    "horarios": "Lun-Vie 15-24 | Sab-Dom 14-24",
    "lat": -34.8745,
    "lon": -58.015499999999996,
    "maps": "https://www.google.com/maps?q=-34.8745,-58.015499999999996"
  },
  {
    "nombre": "Farmacia del Sol",
    "tags": "farmacia remedios medicamentos salud",
    "categoria": "Farmacia",
    "zona": "City Bell",
    "direccion": "Calle 14 nro 789",
    "contacto": "+54 221 456 7892",
    "horarios": "Lun-Vie 8-20 | Sab 9-13",
    "lat": -34.870999999999995,
    "lon": -58.012,
    "maps": "https://www.google.com/maps?q=-34.870999999999995,-58.012"
  },
  {
    "nombre": "Farmacity City Bell",
    "tags": "farmacia perfumeria cosmeticos remedios",
    "categoria": "Farmacia",
    "zona": "City Bell",
    "direccion": "Camino Centenario 2000",
    "contacto": "https://wa.me/5492214561005",
    "horarios": "Lun-Sab 8-21 | Dom 10-20",
    "lat": -34.8728,
    "lon": -58.0138,
    "maps": "https://www.google.com/maps?q=-34.8728,-58.0138"
  },
  {
    "nombre": "Farmacia Santa Ana 24hs",
    "tags": "farmacia medicamentos guardia nocturna 24horas",
    "categoria": "Farmacia",
    "zona": "City Bell",
    "direccion": "Calle 472 nro 456",
    "contacto": "+54 221 456 1006",
    "horarios": "24 horas",
    "lat": -34.8765,
    "lon": -58.016999999999996,
    "maps": "https://www.google.com/maps?q=-34.8765,-58.016999999999996"
  },
  {
    "nombre": "Café Martínez City Bell",
    "tags": "cafe cafeteria desayuno merienda",
    "categoria": "Cafetería",
    "zona": "City Bell",
    "direccion": "Camino Centenario 1500",
    "contacto": "https://wa.me/5492214561007",
    "horarios": "Lun-Vie 8-21 | Sab-Dom 9-22",
    "lat": -34.872,
    "lon": -58.013,
    "maps": "https://www.google.com/maps?q=-34.872,-58.013"
  },
  {
    "nombre": "Havanna City Bell",
    "tags": "cafe alfajores chocolate medialunas",
    "categoria": "Cafetería",
    "zona": "City Bell",
    "direccion": "Camino Centenario 1800",
    "contacto": "https://wa.me/5492214561008",
    "horarios": "Lun-Vie 9-20 | Sab-Dom 10-21",
    "lat": -34.873200000000004,
    "lon": -58.0142,
    "maps": "https://www.google.com/maps?q=-34.873200000000004,-58.0142"
  },
  {
    "nombre": "Bonafide City Bell",
    "tags": "cafe tostado medialunas facturas",
    "categoria": "Cafetería",
    "zona": "City Bell",
    "direccion": "Calle 13 nro 567",
    "contacto": "+54 221 456 1009",
    "horarios": "Lun-Vie 7-20 | Sab 8-14",
    "lat": -34.8705,
    "lon": -58.01180000000001,
    "maps": "https://www.google.com/maps?q=-34.8705,-58.01180000000001"
  },
  {
    "nombre": "Sushi Club City Bell",
    "tags": "sushi japones pescado rolls delivery",
    "categoria": "Sushi",
    "zona": "City Bell",
    "direccion": "Camino Centenario 2345",
    "contacto": "https://wa.me/5492214567898",
    "horarios": "Mar-Dom 19-24",
    "lat": -34.874,
    "lon": -58.015,
    "maps": "https://www.google.com/maps?q=-34.874,-58.015"
  },
  {
    "nombre": "Dashi Sushi",
    "tags": "sushi japones delivery wok",
    "categoria": "Sushi",
    "zona": "City Bell",
    "direccion": "Calle 14 nro 234",
    "contacto": "+54 221 456 1010",
    "horarios": "Mar-Dom 20-24",
    "lat": -34.8712,
    "lon": -58.012800000000006,
    "maps": "https://www.google.com/maps?q=-34.8712,-58.012800000000006"
  },
  {
    "nombre": "Burga House",
    "tags": "hamburguesas burgers papas fritas comida rapida",
    "categoria": "Hamburguesería",
    "zona": "City Bell",
    "direccion": "Calle 13 nro 234",
    "contacto": "https://wa.me/5492214567802",
    "horarios": "Mar-Dom 19-24",
    "lat": -34.873000000000005,
    "lon": -58.013999999999996,
    "maps": "https://www.google.com/maps?q=-34.873000000000005,-58.013999999999996"
  },
  {
    "nombre": "La Birra Bar",
    "tags": "hamburguesas cerveza artesanal bar",
    "categoria": "Bar",
    "zona": "City Bell",
    "direccion": "Calle 472 nro 789",
    "contacto": "https://wa.me/5492214561011",
    "horarios": "Mie-Dom 19-02",
    "lat": -34.8752,
    "lon": -58.016200000000005,
    "maps": "https://www.google.com/maps?q=-34.8752,-58.016200000000005"
  },
  {
    "nombre": "Mostaza City Bell",
    "tags": "hamburguesas comida rapida delivery",
    "categoria": "Hamburguesería",
    "zona": "City Bell",
    "direccion": "Camino Centenario 1600",
    "contacto": "+54 221 456 1012",
    "horarios": "Todos los días 11-24",
    "lat": -34.8718,
    "lon": -58.0125,
    "maps": "https://www.google.com/maps?q=-34.8718,-58.0125"
  },
  {
    "nombre": "El Noble City Bell",
    "tags": "empanadas humita pastel delivery",
    "categoria": "Gastronomía",
    "zona": "City Bell",
    "direccion": "Camino Centenario 1700",
    "contacto": "https://wa.me/5492214561013",
    "horarios": "Todos los días 11-15 y 19-23",
    "lat": -34.8725,
    "lon": -58.0135,
    "maps": "https://www.google.com/maps?q=-34.8725,-58.0135"
  },
  {
    "nombre": "Empanadas Santiagueñas",
    "tags": "empanadas criollas caseras",
    "categoria": "Gastronomía",
    "zona": "City Bell",
    "direccion": "Calle 13 nro 890",
    "contacto": "+54 221 456 1014",
    "horarios": "Lun-Sab 11-14 y 19-22",
    "lat": -34.8708,
    "lon": -58.011199999999995,
    "maps": "https://www.google.com/maps?q=-34.8708,-58.011199999999995"
  },
  {
    "nombre": "Panadería El Trigal",
    "tags": "panaderia pan facturas medialunas",
    "categoria": "Gastronomía",
    "zona": "City Bell",
    "direccion": "Calle 14 nro 123",
    "contacto": "+54 221 456 1015",
    "horarios": "Lun-Vie 7-20 | Sab 7-14 | Dom 8-13",
    "lat": -34.8702,
    "lon": -58.010799999999996,
    "maps": "https://www.google.com/maps?q=-34.8702,-58.010799999999996"
  },
  {
    "nombre": "Costumbres Argentinas",
    "tags": "panaderia facturas medialunas tortas",
    "categoria": "Gastronomía",
    "zona": "City Bell",
    "direccion": "Camino Centenario 2100",
    "contacto": "https://wa.me/5492214561016",
    "horarios": "Lun-Vie 7-21 | Sab-Dom 8-20",
    "lat": -34.8738,
    "lon": -58.0148,
    "maps": "https://www.google.com/maps?q=-34.8738,-58.0148"
  },
  {
    "nombre": "Kiosco El Vecino",
    "tags": "kiosco golosinas bebidas cigarrillos",
    "categoria": "Comercio",
    "zona": "City Bell",
    "direccion": "Calle 13 nro 345",
    "contacto": "+54 221 456 1017",
    "horarios": "Lun-Vie 7-23 | Sab-Dom 8-24",
    "lat": -34.8715,
    "lon": -58.01219999999999,
    "maps": "https://www.google.com/maps?q=-34.8715,-58.01219999999999"
  },
  {
    "nombre": "Maxikiosco 24hs",
    "tags": "kiosco golosinas snacks bebidas 24horas",
    "categoria": "Comercio",
    "zona": "City Bell",
    "direccion": "Calle 472 nro 234",
    "contacto": "https://wa.me/5492214561018",
    "horarios": "24 horas",
    "lat": -34.8748,
    "lon": -58.0158,
    "maps": "https://www.google.com/maps?q=-34.8748,-58.0158"
  },
  {
    "nombre": "CrossFit Norte",
    "tags": "gimnasio fitness crossfit entrenamiento",
    "categoria": "Servicios",
    "zona": "City Bell",
    "direccion": "Calle 472 nro 890",
    "contacto": "+54 221 456 7899",
    "horarios": "Lun-Vie 7-22 | Sab 9-14",
    "lat": -34.87,
    "lon": -58.010000000000005,
    "maps": "https://www.google.com/maps?q=-34.87,-58.010000000000005"
  },
  {
    "nombre": "Megatlon City Bell",
    "tags": "gimnasio pileta musculacion spinning",
    "categoria": "Servicios",
    "zona": "City Bell",
    "direccion": "Camino Centenario 2500",
    "contacto": "https://wa.me/5492214561019",
    "horarios": "Lun-Vie 6-23 | Sab 8-20 | Dom 9-14",
    "lat": -34.8742,
    "lon": -58.01520000000001,
    "maps": "https://www.google.com/maps?q=-34.8742,-58.01520000000001"
  },
  {
    "nombre": "FitBox City Bell",
    "tags": "gimnasio boxeo funcional",
    "categoria": "Servicios",
    "zona": "City Bell",
    "direccion": "Calle 14 nro 567",
    "contacto": "+54 221 456 1020",
    "horarios": "Lun-Vie 8-21 | Sab 9-13",
    "lat": -34.8695,
    "lon": -58.0095,
    "maps": "https://www.google.com/maps?q=-34.8695,-58.0095"
  },
  {
    "nombre": "Veterinaria City Bell",
    "tags": "veterinaria mascotas perros gatos",
    "categoria": "Servicios",
    "zona": "City Bell",
    "direccion": "Calle 13 nro 678",
    "contacto": "https://wa.me/5492214561021",
    "horarios": "Lun-Vie 9-19 | Sab 9-13",
    "lat": -34.8722,
    "lon": -58.0132,
    "maps": "https://www.google.com/maps?q=-34.8722,-58.0132"
  },
  {
    "nombre": "Pet Shop Huellitas",
    "tags": "veterinaria petshop alimento mascotas accesorios",
    "categoria": "Servicios",
    "zona": "City Bell",
    "direccion": "Calle 472 nro 345",
    "contacto": "+54 221 456 1022",
    "horarios": "Lun-Vie 10-19 | Sab 10-14",
    "lat": -34.8758,
    "lon": -58.0168,
    "maps": "https://www.google.com/maps?q=-34.8758,-58.0168"
  },
  {
    "nombre": "Carnicería Don Pedro",
    "tags": "carniceria carne asado achuras vacio",
    "categoria": "Almacén",
    "zona": "City Bell",
    "direccion": "Calle 14 nro 456",
    "contacto": "+54 221 456 1023",
    "horarios": "Lun-Sab 8-13",
    "lat": -34.8712,
    "lon": -58.0125,
    "maps": "https://www.google.com/maps?q=-34.8712,-58.0125"
  },
  {
    "nombre": "Frigorífico del Norte",
    "tags": "carniceria carne mayorista achuras",
    "categoria": "Almacén",
    "zona": "City Bell",
    "direccion": "Camino Centenario 3000",
    "contacto": "https://wa.me/5492214561024",
    "horarios": "Lun-Vie 7-17 | Sab 7-14",
    "lat": -34.876799999999996,
    "lon": -58.0178,
    "maps": "https://www.google.com/maps?q=-34.876799999999996,-58.0178"
  },
  {
    "nombre": "Verdulería La Huerta",
    "tags": "verduleria frutas verduras organico",
    "categoria": "Almacén",
    "zona": "City Bell",
    "direccion": "Calle 13 nro 234",
    "contacto": "+54 221 456 1025",
    "horarios": "Lun-Sab 8-13 y 17-20",
    "lat": -34.8705,
    "lon": -58.0115,
    "maps": "https://www.google.com/maps?q=-34.8705,-58.0115"
  },
  {
    "nombre": "Frutería del Sol",
    "tags": "verduleria frutas frescas delivery",
    "categoria": "Almacén",
    "zona": "City Bell",
    "direccion": "Calle 472 nro 567",
    "contacto": "https://wa.me/5492214561026",
    "horarios": "Lun-Vie 7-20 | Sab 7-14",
    "lat": -34.8748,
    "lon": -58.0158,
    "maps": "https://www.google.com/maps?q=-34.8748,-58.0158"
  },
  {
    "nombre": "Ferretería El Perno",
    "tags": "ferreteria herramientas tornillos construccion",
    "categoria": "Comercio",
    "zona": "City Bell",
    "direccion": "Calle 14 nro 789",
    "contacto": "+54 221 456 1027",
    "horarios": "Lun-Vie 8-18 | Sab 8-13",
    "lat": -34.8718,
    "lon": -58.012800000000006,
    "maps": "https://www.google.com/maps?q=-34.8718,-58.012800000000006"
  },
  {
    "nombre": "Easy City Bell",
    "tags": "ferreteria construccion hogar jardin",
    "categoria": "Comercio",
    "zona": "City Bell",
    "direccion": "Camino Centenario 3500",
    "contacto": "https://wa.me/5492214561028",
    "horarios": "Lun-Sab 8-21 | Dom 10-20",
    "lat": -34.8775,
    "lon": -58.018499999999996,
    "maps": "https://www.google.com/maps?q=-34.8775,-58.018499999999996"
  },
  {
    "nombre": "Lo de Carlitos",
    "tags": "restaurante parrilla asado carne almuerzo",
    "categoria": "Gastronomía",
    "zona": "City Bell",
    "direccion": "Camino Centenario 1900",
    "contacto": "https://wa.me/5492214561029",
    "horarios": "Lun-Dom 12-16",
    "lat": -34.8735,
    "lon": -58.0145,
    "maps": "https://www.google.com/maps?q=-34.8735,-58.0145"
  },
  {
    "nombre": "Antares City Bell",
    "tags": "restaurante cerveceria bar picadas",
    "categoria": "Gastronomía",
    "zona": "City Bell",
    "direccion": "Calle 13 nro 999",
    "contacto": "https://wa.me/5492214561030",
    "horarios": "Mar-Dom 18-02",
    "lat": -34.8728,
    "lon": -58.0138,
    "maps": "https://www.google.com/maps?q=-34.8728,-58.0138"
  },
  {
    "nombre": "Óptica Visión",
    "tags": "optica anteojos lentes contacto",
    "categoria": "Salud",
    "zona": "City Bell",
    "direccion": "Calle 14 nro 234",
    "contacto": "+54 221 456 1031",
    "horarios": "Lun-Vie 9-18 | Sab 9-13",
    "lat": -34.8715,
    "lon": -58.0125,
    "maps": "https://www.google.com/maps?q=-34.8715,-58.0125"
  },
  {
    "nombre": "Estilo Peluquería",
    "tags": "peluqueria corte color tintura",
    "categoria": "Servicios",
    "zona": "City Bell",
    "direccion": "Calle 13 nro 456",
    "contacto": "https://wa.me/5492214561032",
    "horarios": "Lun-Vie 9-19 | Sab 9-17",
    "lat": -34.8738,
    "lon": -58.0148,
    "maps": "https://www.google.com/maps?q=-34.8738,-58.0148"
  },
  {
    "nombre": "Barbería Urban",
    "tags": "barberia corte barba hombre",
    "categoria": "Servicios",
    "zona": "City Bell",
    "direccion": "Calle 472 nro 123",
    "contacto": "+54 221 456 1033",
    "horarios": "Lun-Vie 10-20 | Sab 9-18",
    "lat": -34.8708,
    "lon": -58.01180000000001,
    "maps": "https://www.google.com/maps?q=-34.8708,-58.01180000000001"
  },
  {
    "nombre": "Panadería La Espiga",
    "tags": "panaderia facturas medialunas pan dulce",
    "categoria": "Gastronomía",
    "zona": "Gonnet",
    "direccion": "Calle 501 nro 123",
    "contacto": "https://wa.me/5492214567893",
    "horarios": "Lun-Vie 7-21 | Sab 7-14 | Dom 8-13",
    "lat": -34.864999999999995,
    "lon": -58.021,
    "maps": "https://www.google.com/maps?q=-34.864999999999995,-58.021"
  },
  {
    "nombre": "Pan Casero Gonnet",
    "tags": "panaderia pan casero integral",
    "categoria": "Gastronomía",
    "zona": "Gonnet",
    "direccion": "Calle 502 nro 456",
    "contacto": "+54 221 456 1034",
    "horarios": "Lun-Vie 7-19 | Sab 7-13",
    "lat": -34.8665,
    "lon": -58.020500000000006,
    "maps": "https://www.google.com/maps?q=-34.8665,-58.020500000000006"
  },
  {
    "nombre": "Café del Bosque",
    "tags": "cafe cafeteria desayuno merienda brunch",
    "categoria": "Gastronomía",
    "zona": "Gonnet",
    "direccion": "Camino Belgrano 456",
    "contacto": "https://wa.me/5492214567894",
    "horarios": "Lun-Jue 8-20 | Vie-Dom 9-22",
    "lat": -34.866,
    "lon": -58.02,
    "maps": "https://www.google.com/maps?q=-34.866,-58.02"
  },
  {
    "nombre": "Starbucks Gonnet",
    "tags": "cafe frapuccino muffins",
    "categoria": "Gastronomía",
    "zona": "Gonnet",
    "direccion": "Camino Belgrano 890",
    "contacto": "https://wa.me/5492214561035",
    "horarios": "Lun-Vie 8-21 | Sab-Dom 9-22",
    "lat": -34.867200000000004,
    "lon": -58.0215,
    "maps": "https://www.google.com/maps?q=-34.867200000000004,-58.0215"
  },
  {
    "nombre": "La Panera Rosa",
    "tags": "cafe brunch desayuno tortas",
    "categoria": "Gastronomía",
    "zona": "Gonnet",
    "direccion": "Calle 501 nro 567",
    "contacto": "https://wa.me/5492214561036",
    "horarios": "Lun-Vie 9-19 | Sab-Dom 10-20",
    "lat": -34.8645,
    "lon": -58.01950000000001,
    "maps": "https://www.google.com/maps?q=-34.8645,-58.01950000000001"
  },
  {
    "nombre": "Kiosco Carlitos",
    "tags": "kiosco golosinas snacks bebidas cigarrillos",
    "categoria": "Comercio",
    "zona": "Gonnet",
    "direccion": "Calle 502 nro 234",
    "contacto": "+54 221 456 7895",
    "horarios": "Todos los días 8-22",
    "lat": -34.8655,
    "lon": -58.01950000000001,
    "maps": "https://www.google.com/maps?q=-34.8655,-58.01950000000001"
  },
  {
    "nombre": "Open 25 Gonnet",
    "tags": "kiosco golosinas bebidas 24horas",
    "categoria": "Comercio",
    "zona": "Gonnet",
    "direccion": "Camino Belgrano 1000",
    "contacto": "https://wa.me/5492214561037",
    "horarios": "24 horas",
    "lat": -34.8678,
    "lon": -58.0222,
    "maps": "https://www.google.com/maps?q=-34.8678,-58.0222"
  },
  {
    "nombre": "Veterinaria Patitas",
    "tags": "veterinaria mascotas perros gatos emergencias",
    "categoria": "Servicios",
    "zona": "Gonnet",
    "direccion": "Calle 505 nro 111",
    "contacto": "https://wa.me/5492214567800",
    "horarios": "Lun-Vie 9-20 | Sab 10-14",
    "lat": -34.867000000000004,
    "lon": -58.017999999999994,
    "maps": "https://www.google.com/maps?q=-34.867000000000004,-58.017999999999994"
  },
  {
    "nombre": "Mundo Animal",
    "tags": "veterinaria petshop accesorios alimento",
    "categoria": "Servicios",
    "zona": "Gonnet",
    "direccion": "Calle 501 nro 890",
    "contacto": "+54 221 456 1038",
    "horarios": "Lun-Vie 9-18 | Sab 9-13",
    "lat": -34.864,
    "lon": -58.018499999999996,
    "maps": "https://www.google.com/maps?q=-34.864,-58.018499999999996"
  },
  {
    "nombre": "Pizzería Roma",
    "tags": "pizza fugazzeta calzone empanadas",
    "categoria": "Gastronomía",
    "zona": "Gonnet",
    "direccion": "Camino Belgrano 567",
    "contacto": "https://wa.me/5492214561039",
    "horarios": "Lun-Vie 18-23 | Sab-Dom 12-24",
    "lat": -34.8658,
    "lon": -58.0198,
    "maps": "https://www.google.com/maps?q=-34.8658,-58.0198"
  },
  {
    "nombre": "Kentucky Gonnet",
    "tags": "pizza pollo comida rapida",
    "categoria": "Gastronomía",
    "zona": "Gonnet",
    "direccion": "Camino Belgrano 1200",
    "contacto": "+54 221 456 1040",
    "horarios": "Todos los días 11-24",
    "lat": -34.8682,
    "lon": -58.0228,
    "maps": "https://www.google.com/maps?q=-34.8682,-58.0228"
  },
  {
    "nombre": "Heladería Lucciano's",
    "tags": "helado artesanal italiano premium",
    "categoria": "Gastronomía",
    "zona": "Gonnet",
    "direccion": "Calle 501 nro 234",
    "contacto": "https://wa.me/5492214561041",
    "horarios": "Lun-Vie 14-23 | Sab-Dom 13-24",
    "lat": -34.8652,
    "lon": -58.0192,
    "maps": "https://www.google.com/maps?q=-34.8652,-58.0192"
  },
  {
    "nombre": "Nicolo Gonnet",
    "tags": "helado dulce postre",
    "categoria": "Gastronomía",
    "zona": "Gonnet",
    "direccion": "Camino Belgrano 789",
    "contacto": "+54 221 456 1042",
    "horarios": "Todos los días 13-23",
    "lat": -34.8675,
    "lon": -58.0218,
    "maps": "https://www.google.com/maps?q=-34.8675,-58.0218"
  },
  {
    "nombre": "Tierra de Nadie",
    "tags": "hamburguesas cerveza artesanal bar",
    "categoria": "Gastronomía",
    "zona": "Gonnet",
    "direccion": "Calle 502 nro 678",
    "contacto": "https://wa.me/5492214561043",
    "horarios": "Mie-Dom 19-02",
    "lat": -34.8648,
    "lon": -58.0188,
    "maps": "https://www.google.com/maps?q=-34.8648,-58.0188"
  },
  {
    "nombre": "McDonald's Gonnet",
    "tags": "hamburguesas comida rapida delivery",
    "categoria": "Gastronomía",
    "zona": "Gonnet",
    "direccion": "Camino Belgrano 1500",
    "contacto": "+54 221 456 1044",
    "horarios": "Todos los días 10-24",
    "lat": -34.8685,
    "lon": -58.023199999999996,
    "maps": "https://www.google.com/maps?q=-34.8685,-58.023199999999996"
  },
  {
    "nombre": "Empanadas del Norte",
    "tags": "empanadas salteñas criollas delivery",
    "categoria": "Gastronomía",
    "zona": "Gonnet",
    "direccion": "Camino Belgrano 789",
    "contacto": "+54 221 456 7803",
    "horarios": "Todos los días 11-14 y 18-22",
    "lat": -34.868,
    "lon": -58.022000000000006,
    "maps": "https://www.google.com/maps?q=-34.868,-58.022000000000006"
  },
  {
    "nombre": "La Criolla",
    "tags": "empanadas tucumanas carne picante",
    "categoria": "Gastronomía",
    "zona": "Gonnet",
    "direccion": "Calle 501 nro 345",
    "contacto": "https://wa.me/5492214561045",
    "horarios": "Lun-Sab 11-15 y 19-23",
    "lat": -34.8642,
    "lon": -58.0182,
    "maps": "https://www.google.com/maps?q=-34.8642,-58.0182"
  },
  {
    "nombre": "Farmacia Gonnet",
    "tags": "farmacia remedios medicamentos perfumeria",
    "categoria": "Salud",
    "zona": "Gonnet",
    "direccion": "Calle 502 nro 123",
    "contacto": "+54 221 456 1046",
    "horarios": "Lun-Vie 8-20 | Sab 9-13",
    "lat": -34.8662,
    "lon": -58.0202,
    "maps": "https://www.google.com/maps?q=-34.8662,-58.0202"
  },
  {
    "nombre": "Farmacia del Pueblo",
    "tags": "farmacia medicamentos guardia",
    "categoria": "Salud",
    "zona": "Gonnet",
    "direccion": "Camino Belgrano 1800",
    "contacto": "https://wa.me/5492214561047",
    "horarios": "Lun-Vie 8-22 | Sab 9-20 | Dom 10-14",
    "lat": -34.8688,
    "lon": -58.0235,
    "maps": "https://www.google.com/maps?q=-34.8688,-58.0235"
  },
  {
    "nombre": "SportClub Gonnet",
    "tags": "gimnasio pileta tenis paddle",
    "categoria": "Servicios",
    "zona": "Gonnet",
    "direccion": "Calle 505 nro 500",
    "contacto": "https://wa.me/5492214561048",
    "horarios": "Lun-Vie 7-22 | Sab 8-18 | Dom 9-14",
    "lat": -34.8638,
    "lon": -58.0178,
    "maps": "https://www.google.com/maps?q=-34.8638,-58.0178"
  },
  {
    "nombre": "Gym Life",
    "tags": "gimnasio musculacion funcional",
    "categoria": "Servicios",
    "zona": "Gonnet",
    "direccion": "Calle 502 nro 890",
    "contacto": "+54 221 456 1049",
    "horarios": "Lun-Vie 7-22 | Sab 9-13",
    "lat": -34.8668,
    "lon": -58.0212,
    "maps": "https://www.google.com/maps?q=-34.8668,-58.0212"
  },
  {
    "nombre": "Carnicería El Gaucho",
    "tags": "carniceria carne asado vacio chorizo",
    "categoria": "Almacén",
    "zona": "Gonnet",
    "direccion": "Calle 501 nro 456",
    "contacto": "https://wa.me/5492214561050",
    "horarios": "Lun-Sab 8-13",
    "lat": -34.8655,
    "lon": -58.01950000000001,
    "maps": "https://www.google.com/maps?q=-34.8655,-58.01950000000001"
  },
  {
    "nombre": "La Cabaña",
    "tags": "carniceria carne premium cortes",
    "categoria": "Almacén",
    "zona": "Gonnet",
    "direccion": "Camino Belgrano 678",
    "contacto": "+54 221 456 1051",
    "horarios": "Lun-Sab 8-13",
    "lat": -34.8678,
    "lon": -58.0225,
    "maps": "https://www.google.com/maps?q=-34.8678,-58.0225"
  },
  {
    "nombre": "Verdulería El Campo",
    "tags": "verduleria frutas verduras frescas",
    "categoria": "Almacén",
    "zona": "Gonnet",
    "direccion": "Calle 502 nro 567",
    "contacto": "+54 221 456 1052",
    "horarios": "Lun-Sab 7-13 y 17-20",
    "lat": -34.8648,
    "lon": -58.0188,
    "maps": "https://www.google.com/maps?q=-34.8648,-58.0188"
  },
  {
    "nombre": "Frutas y Más",
    "tags": "verduleria frutas exoticas organico",
    "categoria": "Almacén",
    "zona": "Gonnet",
    "direccion": "Camino Belgrano 1100",
    "contacto": "https://wa.me/5492214561053",
    "horarios": "Lun-Vie 8-20 | Sab 8-14",
    "lat": -34.8685,
    "lon": -58.023199999999996,
    "maps": "https://www.google.com/maps?q=-34.8685,-58.023199999999996"
  },
  {
    "nombre": "Ferretería Industrial",
    "tags": "ferreteria herramientas electricas construccion",
    "categoria": "Comercio",
    "zona": "Gonnet",
    "direccion": "Calle 505 nro 234",
    "contacto": "+54 221 456 1054",
    "horarios": "Lun-Vie 8-18 | Sab 8-13",
    "lat": -34.8658,
    "lon": -58.0198,
    "maps": "https://www.google.com/maps?q=-34.8658,-58.0198"
  },
  {
    "nombre": "Sodimac Gonnet",
    "tags": "ferreteria construccion hogar decoracion",
    "categoria": "Comercio",
    "zona": "Gonnet",
    "direccion": "Camino Belgrano 2000",
    "contacto": "https://wa.me/5492214561055",
    "horarios": "Lun-Sab 8-21 | Dom 10-20",
    "lat": -34.8692,
    "lon": -58.02380000000001,
    "maps": "https://www.google.com/maps?q=-34.8692,-58.02380000000001"
  },
  {
    "nombre": "Parrilla Don Julio",
    "tags": "restaurante parrilla asado carne",
    "categoria": "Gastronomía",
    "zona": "Gonnet",
    "direccion": "Calle 501 nro 678",
    "contacto": "https://wa.me/5492214561056",
    "horarios": "Lun-Dom 12-16 y 20-00",
    "lat": -34.8645,
    "lon": -58.018499999999996,
    "maps": "https://www.google.com/maps?q=-34.8645,-58.018499999999996"
  },
  {
    "nombre": "Siga La Vaca",
    "tags": "restaurante tenedor libre parrilla",
    "categoria": "Gastronomía",
    "zona": "Gonnet",
    "direccion": "Camino Belgrano 890",
    "contacto": "+54 221 456 1057",
    "horarios": "Todos los días 12-17",
    "lat": -34.867200000000004,
    "lon": -58.0215,
    "maps": "https://www.google.com/maps?q=-34.867200000000004,-58.0215"
  },
  {
    "nombre": "Pelo Loco",
    "tags": "peluqueria unisex corte color",
    "categoria": "Servicios",
    "zona": "Gonnet",
    "direccion": "Calle 502 nro 345",
    "contacto": "+54 221 456 1058",
    "horarios": "Lun-Vie 9-19 | Sab 9-17",
    "lat": -34.8652,
    "lon": -58.0192,
    "maps": "https://www.google.com/maps?q=-34.8652,-58.0192"
  },
  {
    "nombre": "Barber Shop Gonnet",
    "tags": "barberia corte barba fade",
    "categoria": "Servicios",
    "zona": "Gonnet",
    "direccion": "Camino Belgrano 567",
    "contacto": "https://wa.me/5492214561059",
    "horarios": "Lun-Vie 10-20 | Sab 9-18",
    "lat": -34.8675,
    "lon": -58.0218,
    "maps": "https://www.google.com/maps?q=-34.8675,-58.0218"
  },
  {
    "nombre": "Óptica del Bosque",
    "tags": "optica anteojos lentes sol",
    "categoria": "Salud",
    "zona": "Gonnet",
    "direccion": "Calle 501 nro 789",
    "contacto": "https://wa.me/5492214561060",
    "horarios": "Lun-Vie 9-18 | Sab 9-13",
    "lat": -34.8662,
    "lon": -58.020500000000006,
    "maps": "https://www.google.com/maps?q=-34.8662,-58.020500000000006"
  },
  {
    "nombre": "Verdulería Don Ramón",
    "tags": "verduleria frutas verduras frescas",
    "categoria": "Almacén",
    "zona": "Villa Elisa",
    "direccion": "Av. Arana 789",
    "contacto": "+54 221 456 7896",
    "horarios": "Lun-Sab 8-13",
    "lat": -34.852,
    "lon": -58.077999999999996,
    "maps": "https://www.google.com/maps?q=-34.852,-58.077999999999996"
  },
  {
    "nombre": "Granja Orgánica",
    "tags": "verduleria organico huevos campo",
    "categoria": "Almacén",
    "zona": "Villa Elisa",
    "direccion": "Calle 403 nro 234",
    "contacto": "https://wa.me/5492214561061",
    "horarios": "Lun-Vie 8-14 | Sab 8-13",
    "lat": -34.853500000000004,
    "lon": -58.079499999999996,
    "maps": "https://www.google.com/maps?q=-34.853500000000004,-58.079499999999996"
  },
  {
    "nombre": "Carnicería El Toro",
    "tags": "carniceria carne asado achuras premium",
    "categoria": "Almacén",
    "zona": "Villa Elisa",
    "direccion": "Calle 403 nro 567",
    "contacto": "https://wa.me/5492214567897",
    "horarios": "Lun-Vie 8-13 | Sab 8-14",
    "lat": -34.852999999999994,
    "lon": -58.07899999999999,
    "maps": "https://www.google.com/maps?q=-34.852999999999994,-58.07899999999999"
  },
  {
    "nombre": "Carnes del Sur",
    "tags": "carniceria carne vacio asado delivery",
    "categoria": "Almacén",
    "zona": "Villa Elisa",
    "direccion": "Av. Arana 1234",
    "contacto": "+54 221 456 1062",
    "horarios": "Lun-Sab 8-13",
    "lat": -34.8545,
    "lon": -58.080499999999994,
    "maps": "https://www.google.com/maps?q=-34.8545,-58.080499999999994"
  },
  {
    "nombre": "Ferretería El Clavo",
    "tags": "ferreteria herramientas tornillos pintura",
    "categoria": "Comercio",
    "zona": "Villa Elisa",
    "direccion": "Av. Arana 1234",
    "contacto": "+54 221 456 7801",
    "horarios": "Lun-Vie 8-18 | Sab 8-13",
    "lat": -34.854,
    "lon": -58.08,
    "maps": "https://www.google.com/maps?q=-34.854,-58.08"
  },
  {
    "nombre": "Corralón Villa Elisa",
    "tags": "ferreteria materiales construccion arena",
    "categoria": "Comercio",
    "zona": "Villa Elisa",
    "direccion": "Calle 44 nro 567",
    "contacto": "https://wa.me/5492214561063",
    "horarios": "Lun-Vie 7-17 | Sab 7-13",
    "lat": -34.8555,
    "lon": -58.081500000000005,
    "maps": "https://www.google.com/maps?q=-34.8555,-58.081500000000005"
  },
  {
    "nombre": "Pizzería La Tradición",
    "tags": "pizza empanadas calzone",
    "categoria": "Gastronomía",
    "zona": "Villa Elisa",
    "direccion": "Av. Arana 890",
    "contacto": "https://wa.me/5492214561064",
    "horarios": "Lun-Vie 18-23 | Sab-Dom 12-24",
    "lat": -34.8525,
    "lon": -58.0785,
    "maps": "https://www.google.com/maps?q=-34.8525,-58.0785"
  },
  {
    "nombre": "Pizza Presto",
    "tags": "pizza delivery rapida economica",
    "categoria": "Gastronomía",
    "zona": "Villa Elisa",
    "direccion": "Calle 403 nro 890",
    "contacto": "+54 221 456 1065",
    "horarios": "Lun-Dom 19-24",
    "lat": -34.8548,
    "lon": -58.080799999999996,
    "maps": "https://www.google.com/maps?q=-34.8548,-58.080799999999996"
  },
  {
    "nombre": "Helados Artesanales VE",
    "tags": "helado artesanal cremoso dulce",
    "categoria": "Gastronomía",
    "zona": "Villa Elisa",
    "direccion": "Calle 403 nro 123",
    "contacto": "https://wa.me/5492214561066",
    "horarios": "Todos los días 14-24",
    "lat": -34.8532,
    "lon": -58.0792,
    "maps": "https://www.google.com/maps?q=-34.8532,-58.0792"
  },
  {
    "nombre": "Freddo Villa Elisa",
    "tags": "helado cadena dulce postre",
    "categoria": "Gastronomía",
    "zona": "Villa Elisa",
    "direccion": "Av. Arana 1500",
    "contacto": "+54 221 456 1067",
    "horarios": "Todos los días 12-23",
    "lat": -34.8558,
    "lon": -58.0818,
    "maps": "https://www.google.com/maps?q=-34.8558,-58.0818"
  },
  {
    "nombre": "Café de la Estación",
    "tags": "cafe cafeteria desayuno merienda",
    "categoria": "Gastronomía",
    "zona": "Villa Elisa",
    "direccion": "Av. Arana 456",
    "contacto": "https://wa.me/5492214561068",
    "horarios": "Lun-Vie 8-20 | Sab-Dom 9-21",
    "lat": -34.8528,
    "lon": -58.0788,
    "maps": "https://www.google.com/maps?q=-34.8528,-58.0788"
  },
  {
    "nombre": "La Esquina Café",
    "tags": "cafe medialunas tostado",
    "categoria": "Gastronomía",
    "zona": "Villa Elisa",
    "direccion": "Calle 44 nro 234",
    "contacto": "+54 221 456 1069",
    "horarios": "Lun-Vie 7-19 | Sab 8-14",
    "lat": -34.8552,
    "lon": -58.0812,
    "maps": "https://www.google.com/maps?q=-34.8552,-58.0812"
  },
  {
    "nombre": "Panadería San José",
    "tags": "panaderia pan facturas tortas",
    "categoria": "Gastronomía",
    "zona": "Villa Elisa",
    "direccion": "Av. Arana 345",
    "contacto": "+54 221 456 1070",
    "horarios": "Lun-Vie 7-20 | Sab 7-14 | Dom 8-13",
    "lat": -34.852199999999996,
    "lon": -58.0782,
    "maps": "https://www.google.com/maps?q=-34.852199999999996,-58.0782"
  },
  {
    "nombre": "El Hornito",
    "tags": "panaderia facturas medialunas dulces",
    "categoria": "Gastronomía",
    "zona": "Villa Elisa",
    "direccion": "Calle 403 nro 456",
    "contacto": "https://wa.me/5492214561071",
    "horarios": "Lun-Vie 6-21 | Sab-Dom 7-20",
    "lat": -34.8542,
    "lon": -58.080200000000005,
    "maps": "https://www.google.com/maps?q=-34.8542,-58.080200000000005"
  },
  {
    "nombre": "Kiosco La Esquina",
    "tags": "kiosco golosinas bebidas cigarrillos",
    "categoria": "Comercio",
    "zona": "Villa Elisa",
    "direccion": "Av. Arana 678",
    "contacto": "+54 221 456 1072",
    "horarios": "Todos los días 8-22",
    "lat": -34.853500000000004,
    "lon": -58.079499999999996,
    "maps": "https://www.google.com/maps?q=-34.853500000000004,-58.079499999999996"
  },
  {
    "nombre": "Maxikiosco El Rayo",
    "tags": "kiosco golosinas snacks helados",
    "categoria": "Comercio",
    "zona": "Villa Elisa",
    "direccion": "Calle 44 nro 890",
    "contacto": "https://wa.me/5492214561073",
    "horarios": "Lun-Vie 7-24 | Sab-Dom 8-24",
    "lat": -34.8562,
    "lon": -58.0825,
    "maps": "https://www.google.com/maps?q=-34.8562,-58.0825"
  },
  {
    "nombre": "Farmacia Villa Elisa",
    "tags": "farmacia remedios medicamentos",
    "categoria": "Salud",
    "zona": "Villa Elisa",
    "direccion": "Av. Arana 567",
    "contacto": "+54 221 456 1074",
    "horarios": "Lun-Vie 8-20 | Sab 9-13",
    "lat": -34.8525,
    "lon": -58.0785,
    "maps": "https://www.google.com/maps?q=-34.8525,-58.0785"
  },
  {
    "nombre": "Farmacia del Centro",
    "tags": "farmacia perfumeria cosmeticos",
    "categoria": "Salud",
    "zona": "Villa Elisa",
    "direccion": "Calle 403 nro 678",
    "contacto": "https://wa.me/5492214561075",
    "horarios": "Lun-Vie 8-21 | Sab 9-20 | Dom 10-14",
    "lat": -34.8548,
    "lon": -58.080799999999996,
    "maps": "https://www.google.com/maps?q=-34.8548,-58.080799999999996"
  },
  {
    "nombre": "Veterinaria Dr. López",
    "tags": "veterinaria mascotas perros gatos cirugias",
    "categoria": "Servicios",
    "zona": "Villa Elisa",
    "direccion": "Av. Arana 789",
    "contacto": "https://wa.me/5492214561076",
    "horarios": "Lun-Vie 9-19 | Sab 9-13",
    "lat": -34.8532,
    "lon": -58.0792,
    "maps": "https://www.google.com/maps?q=-34.8532,-58.0792"
  },
  {
    "nombre": "Pet House",
    "tags": "veterinaria petshop alimento accesorios",
    "categoria": "Servicios",
    "zona": "Villa Elisa",
    "direccion": "Calle 44 nro 345",
    "contacto": "+54 221 456 1077",
    "horarios": "Lun-Vie 10-18 | Sab 10-14",
    "lat": -34.8555,
    "lon": -58.081500000000005,
    "maps": "https://www.google.com/maps?q=-34.8555,-58.081500000000005"
  },
  {
    "nombre": "Gimnasio Fitness VE",
    "tags": "gimnasio musculacion spinning yoga",
    "categoria": "Servicios",
    "zona": "Villa Elisa",
    "direccion": "Calle 403 nro 234",
    "contacto": "https://wa.me/5492214561078",
    "horarios": "Lun-Vie 7-22 | Sab 9-14",
    "lat": -34.8538,
    "lon": -58.0798,
    "maps": "https://www.google.com/maps?q=-34.8538,-58.0798"
  },
  {
    "nombre": "CrossFit Villa Elisa",
    "tags": "gimnasio crossfit funcional",
    "categoria": "Servicios",
    "zona": "Villa Elisa",
    "direccion": "Av. Arana 1800",
    "contacto": "+54 221 456 1079",
    "horarios": "Lun-Vie 7-21 | Sab 9-13",
    "lat": -34.8565,
    "lon": -58.0828,
    "maps": "https://www.google.com/maps?q=-34.8565,-58.0828"
  },
  {
    "nombre": "Burger Lab VE",
    "tags": "hamburguesas gourmet papas delivery",
    "categoria": "Gastronomía",
    "zona": "Villa Elisa",
    "direccion": "Av. Arana 234",
    "contacto": "https://wa.me/5492214561080",
    "horarios": "Mar-Dom 19-24",
    "lat": -34.8528,
    "lon": -58.0788,
    "maps": "https://www.google.com/maps?q=-34.8528,-58.0788"
  },
  {
    "nombre": "Wendys Villa Elisa",
    "tags": "hamburguesas comida rapida",
    "categoria": "Gastronomía",
    "zona": "Villa Elisa",
    "direccion": "Calle 44 nro 567",
    "contacto": "+54 221 456 1081",
    "horarios": "Todos los días 11-23",
    "lat": -34.8558,
    "lon": -58.0818,
    "maps": "https://www.google.com/maps?q=-34.8558,-58.0818"
  },
  {
    "nombre": "Empanadas Caseras",
    "tags": "empanadas carne pollo humita",
    "categoria": "Gastronomía",
    "zona": "Villa Elisa",
    "direccion": "Av. Arana 890",
    "contacto": "+54 221 456 1082",
    "horarios": "Lun-Sab 11-14 y 19-22",
    "lat": -34.853500000000004,
    "lon": -58.079499999999996,
    "maps": "https://www.google.com/maps?q=-34.853500000000004,-58.079499999999996"
  },
  {
    "nombre": "La Salteña VE",
    "tags": "empanadas salteñas picantes delivery",
    "categoria": "Gastronomía",
    "zona": "Villa Elisa",
    "direccion": "Calle 403 nro 789",
    "contacto": "https://wa.me/5492214561083",
    "horarios": "Todos los días 11-15 y 19-23",
    "lat": -34.8545,
    "lon": -58.080499999999994,
    "maps": "https://www.google.com/maps?q=-34.8545,-58.080499999999994"
  },
  {
    "nombre": "Parrilla El Rancho",
    "tags": "restaurante parrilla asado campo",
    "categoria": "Gastronomía",
    "zona": "Villa Elisa",
    "direccion": "Av. Arana 123",
    "contacto": "https://wa.me/5492214561084",
    "horarios": "Lun-Dom 12-17",
    "lat": -34.852199999999996,
    "lon": -58.0782,
    "maps": "https://www.google.com/maps?q=-34.852199999999996,-58.0782"
  },
  {
    "nombre": "Restaurante La Terraza",
    "tags": "restaurante pastas milanesas almuerzo",
    "categoria": "Gastronomía",
    "zona": "Villa Elisa",
    "direccion": "Calle 44 nro 123",
    "contacto": "+54 221 456 1085",
    "horarios": "Lun-Dom 12-16",
    "lat": -34.8552,
    "lon": -58.0812,
    "maps": "https://www.google.com/maps?q=-34.8552,-58.0812"
  },
  {
    "nombre": "Estética Laura",
    "tags": "peluqueria estetica uñas depilacion",
    "categoria": "Servicios",
    "zona": "Villa Elisa",
    "direccion": "Calle 403 nro 345",
    "contacto": "https://wa.me/5492214561086",
    "horarios": "Lun-Vie 9-19 | Sab 9-17",
    "lat": -34.8538,
    "lon": -58.0798,
    "maps": "https://www.google.com/maps?q=-34.8538,-58.0798"
  },
  {
    "nombre": "Barbería El Corte",
    "tags": "barberia corte barba caballeros",
    "categoria": "Servicios",
    "zona": "Villa Elisa",
    "direccion": "Av. Arana 1600",
    "contacto": "+54 221 456 1087",
    "horarios": "Lun-Vie 10-20 | Sab 9-18",
    "lat": -34.8562,
    "lon": -58.0825,
    "maps": "https://www.google.com/maps?q=-34.8562,-58.0825"
  },
  {
    "nombre": "Óptica Claridad",
    "tags": "optica anteojos lentes recetas",
    "categoria": "Salud",
    "zona": "Villa Elisa",
    "direccion": "Av. Arana 345",
    "contacto": "+54 221 456 1088",
    "horarios": "Lun-Vie 9-18 | Sab 9-13",
    "lat": -34.8528,
    "lon": -58.0788,
    "maps": "https://www.google.com/maps?q=-34.8528,-58.0788"
  },
  {
    "nombre": "Lavadero Express",
    "tags": "lavadero ropa lavanderia",
    "categoria": "Servicios",
    "zona": "Villa Elisa",
    "direccion": "Calle 403 nro 567",
    "contacto": "+54 221 456 1089",
    "horarios": "Lun-Vie 8-18 | Sab 8-13",
    "lat": -34.8545,
    "lon": -58.080499999999994,
    "maps": "https://www.google.com/maps?q=-34.8545,-58.080499999999994"
  },
  {
    "nombre": "Laundry VE",
    "tags": "lavadero autoservicio ropa",
    "categoria": "Servicios",
    "zona": "Villa Elisa",
    "direccion": "Calle 44 nro 678",
    "contacto": "https://wa.me/5492214561090",
    "horarios": "Lun-Vie 8-20 | Sab 9-18 | Dom 10-14",
    "lat": -34.8568,
    "lon": -58.0832,
    "maps": "https://www.google.com/maps?q=-34.8568,-58.0832"
  },
  {
    "nombre": "Plomería Raúl",
    "rubro": "Plomería",
    "experiencia": 10,
    "contacto": "https://wa.me/5492214562001"
  },
  {
    "nombre": "Mario Plomería - Urgencias",
    "rubro": "Plomería",
    "experiencia": 15,
    "contacto": "https://wa.me/5492214562002"
  },
  {
    "nombre": "SOS Plomería",
    "rubro": "Plomería",
    "experiencia": 7,
    "contacto": "https://wa.me/5492214562029"
  },
  {
    "nombre": "Electricista Gómez",
    "rubro": "Electricidad",
    "experiencia": 12,
    "contacto": "https://wa.me/5492214562003"
  },
  {
    "nombre": "SoluElectric - Electricidad Integral",
    "rubro": "Electricidad",
    "experiencia": 8,
    "contacto": "+54 221 456 2004"
  },
  {
    "nombre": "ElectroFix",
    "rubro": "Electricidad",
    "experiencia": 5,
    "contacto": "https://wa.me/5492214562031"
  },
  {
    "nombre": "Albañil Martínez",
    "rubro": "Albañilería",
    "experiencia": 20,
    "contacto": "https://wa.me/5492214562005"
  },
  {
    "nombre": "Construcciones del Norte",
    "rubro": "Albañilería",
    "experiencia": 18,
    "contacto": "+54 221 456 2006"
  },
  {
    "nombre": "Obras y Reformas VE",
    "rubro": "Albañilería",
    "experiencia": 6,
    "contacto": "+54 221 456 2033"
  },
  {
    "nombre": "Jardines del Norte - Parquización",
    "rubro": "Jardinería",
    "experiencia": 9,
    "contacto": "https://wa.me/5492214562007"
  },
  {
    "nombre": "Verde Total - Jardinería",
    "rubro": "Jardinería",
    "experiencia": 11,
    "contacto": "+54 221 456 2008"
  },
  {
    "nombre": "NaturVerde Jardinería",
    "rubro": "Jardinería",
    "experiencia": 4,
    "contacto": "+54 221 456 2035"
  },
  {
    "nombre": "Gasista Pérez - Matriculado",
    "rubro": "Gasista",
    "experiencia": 16,
    "contacto": "https://wa.me/5492214562009"
  },
  {
    "nombre": "Gasista Moreno - Matriculado",
    "rubro": "Gasista",
    "experiencia": 13,
    "contacto": "https://wa.me/5492214562036"
  },
  {
    "nombre": "Pintor Rodríguez",
    "rubro": "Pintura",
    "experiencia": 14,
    "contacto": "https://wa.me/5492214562010"
  },
  {
    "nombre": "Color Express Pinturas",
    "rubro": "Pintura",
    "experiencia": 9,
    "contacto": "+54 221 456 2011"
  },
  {
    "nombre": "Pintor García",
    "rubro": "Pintura",
    "experiencia": 7,
    "contacto": "+54 221 456 2037"
  },
  {
    "nombre": "Cerrajería Rápida",
    "rubro": "Cerrajería",
    "experiencia": 12,
    "contacto": "https://wa.me/5492214562012"
  },
  {
    "nombre": "Cerrajería Villa Elisa 24hs",
    "rubro": "Cerrajería",
    "experiencia": 8,
    "contacto": "https://wa.me/5492214562038"
  },
  {
    "nombre": "Fletes y Mudanzas Norte",
    "rubro": "Fletes",
    "experiencia": 10,
    "contacto": "https://wa.me/5492214562013"
  },
  {
    "nombre": "Fletes Rápidos",
    "rubro": "Fletes",
    "experiencia": 6,
    "contacto": "https://wa.me/5492214562026"
  },
  {
    "nombre": "Aire Acondicionado Norte",
    "rubro": "Aire Acondicionado",
    "experiencia": 11,
    "contacto": "+54 221 456 2014"
  },
  {
    "nombre": "Clima Confort",
    "rubro": "Aire Acondicionado",
    "experiencia": 9,
    "contacto": "+54 221 456 2027"
  }
]